Accession,Origin,Group,Starch,Protein,Oil,Fib,Ash,Density
Ames14115,"US, Virginia",non-stiff stalk,64.96,12.05,3.2,0.64,1.06,1.35
Ames19016,"US, Virginia",non-stiff stalk,63.54,12.83,3.47,0.98,1.18,1.33
Ames19313,"US, Connecticut",non-stiff stalk,62.04,12.92,3.38,1.31,1.08,1.3
Ames19318,"US, Indiana",non-stiff stalk,63.43,11.4,3.42,1.28,1.15,1.3
Ames19319,"US, Indiana",non-stiff stalk,65.96,10.84,3.02,1.08,1.1,1.32
Ames20120,"US, Missouri",non-stiff stalk,59.62,14.02,3.76,1.76,1.08,1.26
Ames22750,"US, Indiana",non-stiff stalk,61.75,13.04,3.42,1.08,1.13,1.32
Ames24704,"US, Michigan",non-stiff stalk,59.13,13.47,5.42,1.1,1.19,1.31
Ames24711,"US, Michigan",non-stiff stalk,58.08,13.92,4.06,1.31,0.93,1.29
Ames24746,"US, Michigan",non-stiff stalk,62.77,12.96,2.81,1.15,1.17,1.31
Ames24747,"US, Michigan",non-stiff stalk,64.31,12.71,2.58,0.99,1.13,1.33
Ames24748,"US, Michigan",non-stiff stalk,61.25,13.02,4.97,1.07,1.1,1.31
Ames24749,"US, Michigan",non-stiff stalk,58.77,14.68,5.36,1.09,1.27,1.3
Ames24750,"US, Michigan",non-stiff stalk,62.87,12.74,4.06,0.85,1.21,1.33
Ames25219,"US, Minnesota",non-stiff stalk,61.37,13.38,3.63,1.73,1.1,1.26
Ames25221,"US, Minnesota",non-stiff stalk,61.5,13.99,3.51,1.79,1.19,1.26
Ames26748,"US, Iowa",non-stiff stalk,61.72,11.63,5.13,2.17,1.37,1.22
Ames26801,"US, Indiana",non-stiff stalk,62.08,13.39,3.28,0.93,1.1,1.33
Ames27183,"US, North Carolina",non-stiff stalk,64.19,11.67,3.38,1.69,1.14,1.27
Ames27184,"US, Pennsylvania",non-stiff stalk,60.8,13.41,4.34,1.88,1.19,1.24
NSL28966,"US, Ohio",non-stiff stalk,59.08,14.99,3.91,1.21,1.12,1.3
NSL30056,"US, Wisconsin",non-stiff stalk,62.05,12.04,2.93,1.22,1.01,1.31
NSL30067,"US, Wisconsin",non-stiff stalk,65.65,10.95,3.24,0.63,0.86,1.35
NSL42877,"US, Minnesota",non-stiff stalk,61.72,13.29,3.59,1.59,1.17,1.27
NSL65872,"US, Iowa",non-stiff stalk,66.85,10.45,2.9,1.17,1.09,1.32
PI517968,"US, Pennsylvania",non-stiff stalk,59.59,14.05,3.59,1.2,0.93,1.3
PI520774,"US, North Carolina",non-stiff stalk,62.28,12.49,3.95,0.99,1.21,1.33
PI527699,"US, Iowa",non-stiff stalk,62.55,13.6,3.23,0.36,1.1,1.37
PI527700,"US, Iowa",non-stiff stalk,62.31,13.31,3.47,0.94,1.15,1.33
PI538007,"US, Iowa",non-stiff stalk,61.16,12.09,3.72,1.58,1.1,1.28
PI547086,"US, Iowa",non-stiff stalk,65.43,9.51,2.45,1.42,0.96,1.3
PI547090,"US, Indiana",non-stiff stalk,64.66,11.34,2.16,1.07,1.07,1.33
PI548804,"US, Iowa",non-stiff stalk,64.67,10.85,2.64,1.34,1.12,1.3
PI548805,"US, Indiana",non-stiff stalk,60.93,13.14,3.48,1.1,1.12,1.32
PI550442,"US, Missouri",non-stiff stalk,59.74,12.94,4.89,0.86,1.13,1.33
PI550472,"US, Iowa",non-stiff stalk,63.07,10.78,3.32,1.7,1.05,1.27
PI552815,"US, Iowa",non-stiff stalk,61.03,13.01,2.97,1.5,1.15,1.29
PI555651,"US, Illinois",non-stiff stalk,62.36,12.64,2.68,1.04,0.95,1.33
PI560081,"US, Pennsylvania",non-stiff stalk,60.47,13.37,3.73,0.85,1.13,1.34
PI564682,"US, Iowa",non-stiff stalk,64.22,10.27,3.13,1.76,1.06,1.27
PI583351,"US, Missouri",non-stiff stalk,62.36,12.37,2.85,0.62,1.09,1.36
PI584529,"US, Iowa",non-stiff stalk,63.82,11.79,3.14,1.15,1.07,1.32
PI587139,"US, Minnesota",non-stiff stalk,62.6,11.85,4.09,1.88,1.3,1.25
PI587143,"US, Minnesota",non-stiff stalk,60.27,12.13,3.66,1.58,0.99,1.28
PI587149,"US, Virginia",non-stiff stalk,62.63,12.26,3.15,1.41,1.23,1.3
PI587150,"US, Virginia",non-stiff stalk,65.39,10.33,3.15,0.77,1.06,1.35
PI587154,"US, Wisconsin",non-stiff stalk,62.01,11.4,4.17,1.4,1.31,1.29
PI594045,"US, Iowa",non-stiff stalk,61.35,13.26,4.09,0.8,1.16,1.33
PI594046,"US, Iowa",non-stiff stalk,64.32,10.95,3.41,1.2,1.25,1.32
PI594049,"US, Iowa",non-stiff stalk,63.99,11.36,4.98,0.98,1.27,1.32
PI600751,"US, Iowa",non-stiff stalk,62.37,13.47,3.2,1.56,1.11,1.28
PI600791,"US, Iowa",non-stiff stalk,62.84,12.7,3.09,1.67,1.17,1.28
PI600944,"US, Iowa",non-stiff stalk,65.63,10.89,2.52,1.59,0.97,1.28
PI600955,"US, Iowa",non-stiff stalk,65.35,10.65,3.34,1.22,1.05,1.31
PI600956,"US, Illinois",non-stiff stalk,61.78,11.52,3.78,1.1,1,1.31
PI601005,"US, Iowa",non-stiff stalk,64.07,11.4,3.33,1.58,1.1,1.28
PI601006,"US, Iowa",non-stiff stalk,64.96,11.44,2.79,0.91,1.11,1.34
PI601008,"US, Iowa",non-stiff stalk,62.22,11.83,2.63,1.41,0.99,1.3
PI601079,"US, Iowa",non-stiff stalk,63.79,12.91,1.86,1.05,1.02,1.33
PI601170,"US, Iowa",non-stiff stalk,61.77,12.24,3.78,1.22,1.2,1.32
PI601208,"US, Indiana",non-stiff stalk,63.64,12,2.41,1.37,0.99,1.3
PI601209,"US, Illinois",non-stiff stalk,65.92,12.73,3.42,1.06,0.97,1.32
PI601229,"US, Iowa",non-stiff stalk,63.67,12.7,1.74,1.64,1.07,1.28
PI601269,"US, Michigan",non-stiff stalk,62.8,12.01,2.89,1.11,1.02,1.31
PI601270,"US, Iowa",non-stiff stalk,64.84,11.26,3.09,1.59,1.18,1.29
PI601316,"US, Iowa",non-stiff stalk,62.32,13.13,3.67,1.26,1.15,1.31
PI601317,"US, Iowa",non-stiff stalk,62.81,11.43,3.92,1.4,1.12,1.29
PI601318,"US, Iowa",non-stiff stalk,65.31,10.94,3.44,1.13,1.14,1.32
PI601319,"US, Iowa",non-stiff stalk,65.14,11.17,2.91,1.32,1.09,1.31
PI601320,"US, Iowa",non-stiff stalk,63.84,11.29,3.24,1.08,1.12,1.31
PI601322,"US, Iowa",non-stiff stalk,65.84,11.78,2.29,1,1.05,1.34
PI601360,"US, Iowa",non-stiff stalk,62.59,12.89,3.52,1.13,1.15,1.31
PI601361,"US, Indiana",non-stiff stalk,66.53,9.38,3.19,1.21,1.05,1.32
PI601403,"US, Iowa",non-stiff stalk,57.78,13.76,3.34,1.44,1.02,1.29
PI601405,"US, Iowa",non-stiff stalk,63.39,11.38,3.8,1.18,1.24,1.32
PI601438,"US, Iowa",non-stiff stalk,63.22,11.36,3.13,1.4,1.14,1.3
PI601440,"US, Illinois",non-stiff stalk,63.28,11.32,3.58,1.12,1.08,1.32
PI601457,"US, Wisconsin",non-stiff stalk,63.55,13.44,2.39,1.36,1.15,1.3
PI601459,"US, Minnesota",non-stiff stalk,63.52,12.16,3.22,1.27,1.2,1.31
PI601466,"US, Iowa",non-stiff stalk,61.65,13.19,3.05,1.13,1.14,1.32
PI601470,"US, Illinois",non-stiff stalk,67.82,10.49,1.76,1.36,1.09,1.32
PI601494,"US, Iowa",non-stiff stalk,65.19,11.16,2.52,1.47,1.1,1.3
PI601495,"US, Iowa",non-stiff stalk,63.8,12.02,3.31,1.59,1.09,1.28
PI601496,"US, Iowa",non-stiff stalk,62.08,12.58,2.72,1.21,1.07,1.32
PI601497,"US, Iowa",non-stiff stalk,65.01,11.34,3.17,1.16,1.04,1.32
PI601499,"US, Iowa",non-stiff stalk,66.45,10.55,1.93,1.39,1.14,1.32
PI601500,"US, Iowa",non-stiff stalk,64.86,9.87,4.02,1.69,1.2,1.27
PI601501,"US, Iowa",non-stiff stalk,65.52,10.48,2.32,1.12,1.05,1.33
PI601560,"US, Illinois",non-stiff stalk,65.98,12.36,1.97,0.86,1.12,1.35
PI601561,"US, Georgia",non-stiff stalk,67.87,9.08,2.21,1.25,0.94,1.31
PI601562,"US, Iowa",non-stiff stalk,63.96,10.64,2.96,1.87,1.06,1.26
PI601566,"US, Illinois",non-stiff stalk,62.2,12.82,2.87,1.53,1.15,1.29
PI601567,"US, Iowa",non-stiff stalk,61.52,12.75,2.4,1.48,1.1,1.3
PI601568,"US, Nebraska",non-stiff stalk,62.56,11.86,3.55,1.55,1.03,1.28
PI601570,"US, Iowa",non-stiff stalk,64.47,10.55,3.15,1.58,1.26,1.29
PI601574,"US, Iowa",non-stiff stalk,64.14,10.02,3.88,1.19,1.1,1.31
PI601576,"US, Tennessee",non-stiff stalk,65.31,9.94,2.61,1.63,1.12,1.28
PI601685,"US, Iowa",non-stiff stalk,61.09,12.71,4.34,1.72,1.18,1.26
PI601686,"US, Iowa",non-stiff stalk,64.72,10.78,4.41,1.5,1.17,1.28
PI601689,"US, Iowa",non-stiff stalk,58.73,14.13,3.16,1.01,1.36,1.31
PI601726,"France, Nouvelle-Aquitaine",non-stiff stalk,64.18,11.16,2.66,1.64,1.23,1.29
PI601727,"France, Nouvelle-Aquitaine",non-stiff stalk,63.13,11.74,3.48,1.59,1.24,1.28
PI601728,"France, Nouvelle-Aquitaine",non-stiff stalk,66.24,10.73,2.5,1.35,1.03,1.31
PI601774,"US, Iowa",non-stiff stalk,61.24,14.48,1.65,1.27,0.96,1.32
PI601782,"US, Iowa",non-stiff stalk,63.84,12.01,2.63,1.25,1.03,1.31
PI601783,"US, Iowa",non-stiff stalk,64.85,11.87,2.96,1.18,1.05,1.32
PI601786,"US, Iowa",non-stiff stalk,61.32,12.35,2.96,1.36,1.11,1.29
PI601788,"US, Iowa",non-stiff stalk,63.26,11.91,2.8,1.45,1.03,1.3
PI601791,"US, Iowa",non-stiff stalk,63.88,11.36,3.61,1.13,1.19,1.32
PI601792,"US, Iowa",non-stiff stalk,65.99,11.07,2.36,1.27,1.26,1.31
Ames24575,"US, Iowa",popcorn,64.23,14.18,2.45,0.23,1.08,1.38
Ames24576,"US, Iowa",popcorn,64.28,12.95,1.48,0.22,0.89,1.39
Ames24577,"US, Iowa",popcorn,58.68,14.19,2,1.08,0.79,1.32
Ames28973,"US, Iowa",popcorn,59.87,13.79,2.53,0.68,0.94,1.35
Ames28975,"US, Iowa",popcorn,57.24,14.63,3.06,1.06,0.89,1.32
Ames28979,"US, Iowa",popcorn,61.68,12.13,2.62,0.84,0.96,1.34
Ames28980,"US, Iowa",popcorn,58.14,15.04,2.82,0.67,0.88,1.35
Ames28981,"US, Iowa",popcorn,58.94,13.43,3.95,0.52,0.97,1.36
Ames28989,"US, Iowa",popcorn,62.83,11.42,2.44,0.87,0.94,1.34
Ames28992,"US, Iowa",popcorn,62.44,10.95,3.62,0.89,0.98,1.33
Ames28999,"US, Iowa",popcorn,62.09,11.83,3.3,0.63,0.97,1.35
Ames29005,"US, Iowa",popcorn,60.4,13.26,2.79,0.63,1.01,1.36
NSL75979,"US, Iowa",popcorn,63.36,12.31,3.06,0.9,1.07,1.33
NSL75980,"US, Kansas",popcorn,63.61,11.48,3.02,1.04,0.94,1.31
PI340837,"US, Iowa",popcorn,59.38,14.72,3.16,1.12,0.96,1.31
PI340846,"US, Iowa",popcorn,65.29,12.36,1.9,0.68,0.99,1.36
PI340850,"US, Iowa",popcorn,63.34,13.1,1.24,0.76,1.03,1.36
PI340855,"US, Iowa",popcorn,66.39,10.61,1.96,1.06,0.86,1.32
PI340859,"US, Iowa",popcorn,59.4,15.69,1.43,0.82,0.87,1.34
PI340866,"US, Iowa",popcorn,60.89,14.6,2.09,0.67,0.93,1.35
PI340874,"US, Iowa",popcorn,60.37,16.42,1.96,0.24,1.02,1.38
PI340875,"US, Iowa",popcorn,64.44,12.74,1.38,1.05,0.94,1.33
PI542778,"US, Indiana",popcorn,64.88,13.31,1.06,0.03,0.98,1.41
PI587131,"US, Indiana",popcorn,59.16,12.92,2.14,1.22,0.92,1.3
PI587132,"US, Indiana",popcorn,60.15,13.8,3,1.08,0.95,1.31
Ames19308,"US, Minnesota",stiff stalk,59.66,15.57,3.37,1.79,1.11,1.26
Ames19309,"US, Minnesota",stiff stalk,64.52,12.29,2.82,1.28,1.07,1.31
Ames22748,"US, Indiana",stiff stalk,65.81,11.77,2.61,1.83,1.1,1.27
Ames22756,"US, Iowa",stiff stalk,63.39,13.07,2.88,0.93,1.12,1.34
Ames23469,"US, Minnesota",stiff stalk,61.38,13.47,2.93,1.23,1.02,1.3
Ames23470,"US, Minnesota",stiff stalk,61.21,13.86,3.16,1.36,1.05,1.3
Ames23494,"US, Minnesota",stiff stalk,59.96,14.11,4.46,1.69,1.24,1.26
Ames23503,"US, Minnesota",stiff stalk,62.49,11.67,4.66,1.32,1.16,1.29
Ames23504,"US, Minnesota",stiff stalk,65.5,11.91,2.82,1.35,1.2,1.31
Ames24743,"US, Michigan",stiff stalk,65.27,11.46,1.96,1.3,0.98,1.31
Ames2523,Portugal,stiff stalk,65.25,11.6,2.86,1.15,0.98,1.31
Ames25372,"US, Pennsylvania",stiff stalk,63.42,12.67,4.09,1.39,1.26,1.29
Ames25374,"US, Pennsylvania",stiff stalk,62.32,13.79,4.21,1.09,1.23,1.31
Ames26758,"US, Iowa",stiff stalk,59.69,14.73,3.84,2.03,1.25,1.24
Ames26768,"US, Missouri",stiff stalk,59.57,14.13,4.35,2.09,1.2,1.23
Ames26786,"US, Indiana",stiff stalk,63.01,12.73,3.59,1.41,1.14,1.29
Ames27051,"Canada, Ontario",stiff stalk,62.83,13.15,3.39,1.12,1.14,1.32
Ames27052,"Canada, Ontario",stiff stalk,61.63,13.62,2.33,1.15,0.99,1.32
Ames27053,"Canada, Ontario",stiff stalk,63.49,12.19,3.31,0.85,1.05,1.34
Ames27065,"US, North Carolina",stiff stalk,64.41,12.57,3.03,1.1,1.05,1.32
Ames27138,"US, North Carolina",stiff stalk,65.95,10.26,2.09,1.58,1,1.29
Ames27142,"US, North Carolina",stiff stalk,62.65,11.58,4.4,1.54,1.2,1.28
Ames27160,"US, North Carolina",stiff stalk,64.21,11.73,2.79,0.73,1.01,1.35
Ames27161,"US, North Carolina",stiff stalk,63.46,11.39,3.96,1.19,1.2,1.31
NSL30060,"US, Wisconsin",stiff stalk,64.1,9.85,3.66,1,1.02,1.33
NSL81598,"US, Minnesota",stiff stalk,65.96,10.23,3.39,1.34,1.09,1.31
PI509542,"US, Iowa",stiff stalk,65.34,11.31,2.82,1.42,1.07,1.3
PI511310,"US, North Carolina",stiff stalk,67.6,7.99,4.19,1.32,1.18,1.3
PI537097,"US, Iowa",stiff stalk,63.84,11.42,3.78,0.78,1.17,1.34
PI537099,"US, Iowa",stiff stalk,65.86,9.96,3.4,1.35,1.1,1.31
PI538009,"US, Iowa",stiff stalk,65.13,11.66,3.36,1.51,1.16,1.29
PI538011,"US, iowa",stiff stalk,63.86,11.13,2.84,1.18,1.01,1.32
PI539872,"US, Iowa",stiff stalk,68.28,10.4,2.5,0.84,1.07,1.35
PI539922,"US, Iowa",stiff stalk,66.06,9.24,3.08,1.38,1.04,1.3
PI539923,"US, Iowa",stiff stalk,62.27,11.64,5.21,1.16,1.26,1.31
PI539924,"US, Iowa",stiff stalk,65.94,9.48,3.46,1.51,1.12,1.29
PI539926,"US, Indiana",stiff stalk,61.76,12.92,3.45,1.04,1.09,1.32
PI539927,"US, Indiana",stiff stalk,61.65,13.43,3.55,1.13,1.19,1.32
PI547088,"US, Iowa",stiff stalk,64.53,12.27,3.01,1.24,1.19,1.32
PI548802,"US, Iowa",stiff stalk,62.41,11.63,3.05,1.4,1.07,1.29
PI550461,"US, Iowa",stiff stalk,59.6,13.85,3.52,1.8,1.09,1.26
PI550462,"US, Iowa",stiff stalk,59.62,13.41,3.35,1.48,1.11,1.29
PI550463,"US, Iowa",stiff stalk,63.41,12.02,2.99,1.21,1.15,1.32
PI550465,"US, Iowa",stiff stalk,63.01,11.18,3.69,1.71,1.14,1.27
PI550467,"US, Iowa",stiff stalk,58.03,13.11,3.06,1.85,0.98,1.25
PI550473,"US, Iowa",stiff stalk,63.71,11,3.4,1.6,1.26,1.29
PI550483,"US, Iowa",stiff stalk,60.29,13.23,2.57,1.52,0.96,1.28
PI550526,"US, Indiana",stiff stalk,59.41,13.53,3.27,1.28,1.05,1.31
PI550555,"US, North Carolina",stiff stalk,59.32,13.43,3.86,1.14,1.01,1.31
PI550565,"US, Nebraska",stiff stalk,62.64,12.93,4.03,1.12,1.17,1.31
PI550566,"US, Nebraska",stiff stalk,60.12,13.84,4.9,1.3,1.25,1.3
PI559381,"US, Nebraska",stiff stalk,64.57,10.96,2.96,1.32,1.16,1.31
PI587127,"US, Indiana",stiff stalk,61.15,13.38,2.53,1.33,0.91,1.3
PI587128,"US, Indiana",stiff stalk,61.12,13.66,2.45,1,1.16,1.34
PI587140,"US, Minnesota",stiff stalk,63.91,12.42,2.76,1.31,1.21,1.32
PI587152,"US, Wisconsin",stiff stalk,62,12.42,4.16,1.15,1.31,1.32
PI594048,"US, Iowa",stiff stalk,60.73,11.6,5.19,1.59,1.36,1.27
PI597927,"US, Iowa",stiff stalk,63.82,12.8,2.72,0.96,1.06,1.32
PI600729,"US, Illinois",stiff stalk,59.53,14.65,3.29,1.39,0.95,1.29
PI600755,"US, Illinois",stiff stalk,57.87,14.62,3.61,1.49,1.06,1.29
PI600772,"US, Wisconsin",stiff stalk,68.46,9.07,2.34,1.12,1.02,1.33
PI600954,"US, Iowa",stiff stalk,62.58,12.6,3.09,1.03,1.19,1.33
PI600957,"US, Iowa",stiff stalk,65.24,10.96,3.01,1.5,1.05,1.29
PI600958,"US, Illinois",stiff stalk,62.62,12.97,2.85,1.21,1.04,1.31
PI600959,"US, Iowa",stiff stalk,64.34,12.5,2.37,0.89,1.01,1.34
PI601004,"US, Iowa",stiff stalk,67.14,11.16,2.34,1.07,1.12,1.33
PI601009,"US, Iowa",stiff stalk,62.08,13.33,2.94,1.07,1.03,1.32
PI601026,"US, Indiana",stiff stalk,68.01,8.58,3.04,1.5,1.15,1.29
PI601037,"US, Iowa",stiff stalk,66.97,10.08,2.44,1.3,1.04,1.31
PI601150,"US, Iowa",stiff stalk,62.32,12.09,3,1.05,1.04,1.32
PI601190,"US, Minnesota",stiff stalk,63.4,12.11,2.69,1.43,1.11,1.31
PI601191,"US, Indiana",stiff stalk,65.48,10.22,3.82,1.2,1.07,1.31
PI601210,"US, Iowa",stiff stalk,63.94,11.5,3.23,1.11,1.15,1.32
PI601300,"US, Iowa",stiff stalk,67.44,9.95,2.42,1.18,1.02,1.32
PI601301,"US, Iowa",stiff stalk,63.83,11.47,2.64,1.58,1,1.28
PI601362,"US, Iowa",stiff stalk,62.46,11.88,2.74,1.24,1.14,1.3
PI601378,"France, Pays-de-la-Loire",stiff stalk,63.65,11.81,2.66,1.29,1.11,1.31
PI601402,"US, Iowa",stiff stalk,61.99,13.06,3.15,0.88,1.09,1.34
PI601417,"US, Illinois",stiff stalk,64.02,10.82,3.59,1.63,1.17,1.28
PI601439,"US, Illinois",stiff stalk,65.31,10.96,3.21,1.27,1.13,1.31
PI601441,"US, Illinois",stiff stalk,63.85,11.57,3.66,1.63,1.14,1.27
PI601442,"US, Iowa",stiff stalk,64.39,10.98,2.01,1.36,1,1.3
PI601468,"US, Nebraska",stiff stalk,65.5,11.62,2.48,1.54,1.02,1.29
PI601493,"US, Iowa",stiff stalk,64.58,11.99,2.84,1.44,1.17,1.3
PI601498,"US, Iowa",stiff stalk,61.24,12.62,2.9,1.35,0.85,1.3
PI601563,"US, Illinois",stiff stalk,65.69,10.31,3.15,1.1,1.11,1.32
PI601564,"US, Illinois",stiff stalk,64.27,10.01,2.77,1.43,1,1.3
PI601565,"US, Missouri",stiff stalk,62.29,10.89,4.29,1.93,1.11,1.25
PI601572,"US, Iowa",stiff stalk,60.55,14.06,2.84,1,1.08,1.33
PI601573,"US, Iowa",stiff stalk,64.06,12.67,2.54,1.3,1.28,1.32
PI601575,"US, Iowa",stiff stalk,65.3,10.32,3.86,1.12,1.27,1.32
PI601583,"US, Illinois",stiff stalk,59.44,13.94,4.49,1.53,1.32,1.28
PI601610,"US, Minnesota",stiff stalk,64.58,11.56,2.51,1.72,1.09,1.28
PI601745,"US, Illinois",stiff stalk,63.2,10.76,3.98,1.56,1.24,1.28
PI601775,"US, Indiana",stiff stalk,67.34,9.33,3.76,1.78,1.21,1.27
PI601778,"US, Iowa",stiff stalk,64.12,11.14,3.28,1.55,1.18,1.29
PI601780,"US, Iowa",stiff stalk,66.65,10.04,2.58,1.35,1.13,1.31
PI601784,"US, Indiana",stiff stalk,67.08,9.45,3.37,2.13,1.2,1.24
PI601789,"US, Iowa",stiff stalk,64.69,11.17,2.63,1.76,1.2,1.28
PI601790,"US, Minnesota",stiff stalk,59.88,12.54,4.63,0.85,1.01,1.33
PI601808,"US, Illinois",stiff stalk,67.19,9.54,3.18,1.71,1.01,1.27
PI644101,"US, Iowa",stiff stalk,61.68,14.24,2.85,1.4,0.93,1.29
Ames22011,"US, Arkansas",sweet corn,64.15,12.89,3.65,0.03,0.85,1.38
Ames22013,US,sweet corn,59.69,13.08,4.62,1.3,0.96,1.28
Ames22014,US,sweet corn,60.92,12.71,4.14,1.34,0.98,1.29
Ames22020,"US, Connecticut",sweet corn,59.46,13.9,5.63,0.69,1.01,1.32
Ames22021,"US, Connecticut",sweet corn,59.07,15,5.44,0.29,1.01,1.35
Ames22023,"US, Connecticut",sweet corn,59.38,14.87,4.93,0.8,1.09,1.33
Ames22027,"US, Iowa",sweet corn,63.65,10.29,5.66,0.18,0.94,1.35
Ames22028,"US, Iowa",sweet corn,62.91,11.18,2.79,0.85,0.75,1.31
Ames22029,"US, Iowa",sweet corn,59.43,12.61,5.91,0.68,0.93,1.32
Ames22030,"US, Iowa",sweet corn,58.5,13.08,5.92,0.48,0.97,1.33
Ames22033,"US, Illinois",sweet corn,63.34,11.28,4.49,0.15,0.91,1.37
Ames22034,US,sweet corn,58.39,13.66,6.41,0.36,1.12,1.34
Ames22035,US,sweet corn,66.2,11.29,3.26,0.03,0.93,1.38
Ames22036,"US, Massachusetts",sweet corn,59.68,12.9,4.75,0.46,0.83,1.34
Ames22038,"US, Maine",sweet corn,57.91,13.3,5.46,0.64,0.98,1.32
Ames22039,"US, Maine",sweet corn,58.67,13.97,5.43,0.33,1.07,1.35
Ames22041,"US, Maine",sweet corn,60.74,13.09,4.36,0.98,0.96,1.31
Ames22048,"US, Indiana",sweet corn,63.08,11.41,5.98,0.15,1.05,1.36
Ames22049,"US, Indiana",sweet corn,63.34,10.22,6.21,0.12,0.97,1.36
Ames22054,"US, Wisconsin",sweet corn,59.09,14.27,4.76,0.58,0.99,1.34
Ames22061,"US, Wisconsin",sweet corn,60.87,13.3,4.92,0.11,1,1.37
Ames22064,"US, Wisconsin",sweet corn,63.34,11.49,4.65,0.61,1.06,1.34
Ames22065,"US, Wisconsin",sweet corn,60.48,12.33,6.43,0.09,0.99,1.36
Ames22066,"US, Wisconsin",sweet corn,59.58,13.88,4.13,0.8,1.01,1.33
Ames23510,"US, Minnesota",sweet corn,58.71,14.01,5.51,0.57,1.04,1.33
Ames27119,"US, North Carolina",sweet corn,63.72,11.95,4.19,0.37,1.02,1.36
Ames27120,"US, North Carolina",sweet corn,60.91,11.47,4.48,0.73,0.84,1.32
Ames28364,"US, Iowa",sweet corn,57.17,14.82,4.43,1.04,0.93,1.29
NSL8581,"US, Indiana",sweet corn,54.82,11.47,8.97,0.48,1.12,1.31
PI233316,"US, South Dakota",sweet corn,59.16,14.69,5.07,0.43,0.99,1.34
PI233317,"US, South Dakota",sweet corn,60.57,13.11,5.83,0.43,1.04,1.34
PI358523,"US, Illinois",sweet corn,62.26,13.86,4.57,-0.01,0.9,1.37
PI550492,"US, Georgia",sweet corn,61.07,11.75,3.96,0.48,0.84,1.35
PI567792,"US, Minnesota",sweet corn,63.34,12.64,4.62,0.76,1.06,1.33
PI567793,"US, Minnesota",sweet corn,63.54,12.41,4.03,0.64,0.95,1.34
PI587135,"US, Iowa",sweet corn,66.13,10.72,3.3,0.68,1.04,1.35
PI644099,"US, Florida",sweet corn,50.2,16,8.65,1.87,1.25,1.21
PI644100,"US, Florida",sweet corn,45.95,14.59,12.98,1.74,1.36,1.18
PI644102,"US, Florida",sweet corn,60.67,14.88,4.13,0.22,1,1.36
Ames27072,"Mexico, Federal District",tropical,57.22,12.76,4.76,1.41,1.18,1.27
Ames27074,"Mexico, Federal District",tropical,55.54,15.36,5.19,1.39,1.06,1.28
Ames27076,"Mexico, Federal District",tropical,62.87,11.14,4.86,1.14,1.29,1.3
Ames27080,"Mexico, Federal District",tropical,62.23,12.03,3.71,1.1,1.25,1.3
Ames27083,"Mexico, Federal District",tropical,63.42,10.72,3.23,1.61,0.99,1.27
Ames27086,"Mexico, Federal District",tropical,59.08,13.22,4.16,0.89,1.07,1.32
Ames27087,"Mexico, Federal District",tropical,62.46,13.87,2.46,1.19,1.18,1.32
Ames27088,"Mexico, Federal District",tropical,58.71,12.66,4.85,0.74,1.3,1.32
Ames27093,"Mexico, Federal District",tropical,60.84,10.41,5.12,2.15,1.09,1.21
Ames27095,"Mexico, Federal District",tropical,58.11,13.16,4.69,1.12,1.17,1.3
Ames27096,"Mexico, Federal District",tropical,57.22,13.87,4.85,0.62,1.12,1.34
Ames27098,"Mexico, Federal District",tropical,57.32,14.38,5.52,0.85,1.23,1.32
Ames27099,"Mexico, Federal District",tropical,63.94,11.08,2.65,1.03,1.16,1.32
Ames27100,"Mexico, Federal District",tropical,61.44,12.48,2.97,0.97,1.12,1.32
Ames27125,Thailand,tropical,63.24,11.52,3.87,1.64,1.12,1.27
Ames27126,Thailand,tropical,59.06,13.85,3.89,1.2,1.02,1.3
Ames28184,Mexico,tropical,61.35,13.32,3.83,0.67,0.98,1.34
Ames28185,Mexico,tropical,61.26,13.66,3.07,1.21,1,1.31
PI506244,"Nigeria, Oyo",tropical,62.98,11.85,4.07,0.8,0.91,1.33
PI506246,"Nigeria, Oyo",tropical,60.94,12.87,5.07,0.92,1.09,1.31
PI506248,"Nigeria, Oyo",tropical,62.27,13.94,2.89,0.62,1.18,1.36
PI506250,"Nigeria, Oyo",tropical,65.84,10.66,2.83,1.19,1.2,1.31
PI540741,Nigeria,tropical,56.34,15.51,3.83,1.25,0.96,1.3
PI540745,Nigeria,tropical,62.67,11.4,4.13,1.25,1.13,1.3
PI540747,Nigeria,tropical,65.97,9.94,3.07,1.08,1.15,1.33
PI550900,Cameroon,tropical,64.39,10.61,3.27,1.12,1.02,1.32
PI550901,Cameroon,tropical,64.39,10.72,2.81,1.34,1.14,1.3
PI550902,Cameroon,tropical,62.74,11.55,3.31,1.23,1.15,1.3
PI550903,Cameroon,tropical,60,13.03,4.8,1.17,1.09,1.3
PI550904,Cameroon,tropical,61.69,11.49,4.8,1.05,1.2,1.31
PI550905,Cameroon,tropical,61.49,12.04,3.6,1.25,0.99,1.3
PI550906,Cameroon,tropical,62.29,12.42,2.47,1.08,0.95,1.33
PI550907,Cameroon,tropical,63.47,10.77,3.09,0.84,0.99,1.34
PI550911,Cameroon,tropical,59.2,13.08,4.21,0.94,1.06,1.32
PI550920,Cameroon,tropical,62.33,10.39,5.04,0.98,1.09,1.31
PI550922,Cameroon,tropical,64.78,10.74,2.42,1.57,0.98,1.28
PI561602,Cameroon,tropical,65.13,12.71,3.21,0.69,1.07,1.35
PI561605,Cameroon,tropical,59.8,13.34,5,1.18,1.08,1.29
PI561609,Cameroon,tropical,61.62,12.69,3.74,1.27,0.95,1.3
PI561613,Cameroon,tropical,65.74,11.59,3.4,1.32,1.13,1.31
PI595530,"Mexico, Federal District",tropical,64.83,11.12,3.42,1.18,1.21,1.32
PI595537,"Mexico, Federal District",tropical,63.75,11.86,2.6,0.94,1.17,1.33
PI595546,"Mexico, Federal District",tropical,60.79,13.71,2.64,1.26,0.87,1.3
PI595555,"Mexico, Federal District",tropical,62.01,12.6,4.49,0.58,1.06,1.35
PI595561,"Mexico, Federal District",tropical,62.27,12.31,4.03,0.72,1.12,1.35
PI595565,"Mexico, Federal District",tropical,60.25,13.4,3.38,0.76,1.06,1.34
PI595566,"Mexico, Federal District",tropical,64.2,13.05,3.1,1.12,1.18,1.32
PI595571,"Mexico, Federal District",tropical,63.6,13.36,2.58,0.8,0.96,1.34
PI635123,Nigeria,tropical,81.31,11.13,2.25,0.61,0.29,1.51
PI635125,Nigeria,tropical,63.19,12.57,4.34,0.91,1.02,1.33
PI635126,Nigeria,tropical,61.34,15.09,2.14,1.04,0.87,1.33
PI635128,Nigeria,tropical,63.9,12.66,1.54,0.52,0.69,1.37
PI635129,Nigeria,tropical,58.21,17.15,3.17,0.57,0.94,1.35
PI635130,Nigeria,tropical,64.4,11.32,3.3,1.04,0.75,1.32
PI635132,Nigeria,tropical,68.56,14.94,0.39,0.05,0.4,1.42
PI635133,Nigeria,tropical,65.45,12.71,0.77,0.58,0.66,1.37
PI635135,Nigeria,tropical,64.04,11.8,4.26,0.56,1.04,1.35
PI635136,Nigeria,tropical,61.09,13.46,3.65,1.32,0.86,1.29
PI635141,Nigeria,tropical,62.54,14.66,2.57,0.28,0.78,1.38
PI639927,"Nigeria, Oyo",tropical,64.74,12.18,2.71,1.7,0.98,1.28
PI639928,"Nigeria, Oyo",tropical,64.49,13.08,0.65,0.83,0.64,1.35
PI639930,"Nigeria, Oyo",tropical,63.02,11.53,4.44,1.38,1.07,1.28
PI639932,"Nigeria, Oyo",tropical,64.78,12.44,3.26,0.31,0.91,1.37
PI639938,"Nigeria, Oyo",tropical,62.96,17.51,1.31,0.09,0.89,1.41
PI639939,"Nigeria, Oyo",tropical,60.16,11.32,0.78,0.68,0.85,1.36
PI639940,"Nigeria, Oyo",tropical,63.32,12.46,3.57,0.83,0.86,1.33
PI639943,"Nigeria, Oyo",tropical,66.61,12,2.01,0.39,0.87,1.37
PI639949,"Nigeria, Oyo",tropical,64.49,12.42,3.34,1.2,0.92,1.31
PI639950,"Nigeria, Oyo",tropical,65.85,12.78,5.21,0.43,0.84,1.34
PI641061,Nigeria,tropical,65.09,15.53,0.75,0.04,0.75,1.41
PI641062,Nigeria,tropical,65.38,12.58,2.3,0.95,0.96,1.34
PI641063,Nigeria,tropical,67.5,13.7,0.95,0.59,0.74,1.37
PI641064,Nigeria,tropical,66.9,13.98,0.38,0.51,0.75,1.38
PI641065,Nigeria,tropical,62.89,11.15,5.34,0.85,1.01,1.32
PI641068,Nigeria,tropical,63.41,11.8,4.36,0.74,1.06,1.33
PI641070,Nigeria,tropical,61.93,16.17,1.44,0.47,0.73,1.37
PI641071,Nigeria,tropical,60.32,18.75,0.77,0.13,0.59,1.43
PI641074,Nigeria,tropical,58.41,15.45,3.77,1.16,1.01,1.3
PI641075,Nigeria,tropical,61.67,13.17,4.14,1.34,1.06,1.29
PI641251,Nigeria,tropical,64.9,11.6,3.1,1.19,0.99,1.32
PI641252,Nigeria,tropical,63.45,11.69,3.68,1.06,0.87,1.31
PI641253,Nigeria,tropical,65.69,9.97,4.12,0.96,0.97,1.32
PI641254,Nigeria,tropical,67.43,10.11,2.85,0.71,0.96,1.35
PI641257,Nigeria,tropical,64.44,11.75,3.09,0.97,0.88,1.33
PI641258,Nigeria,tropical,65.86,10.4,3.33,1.55,0.96,1.28
PI641259,Nigeria,tropical,65.64,11.98,1.77,0.83,0.86,1.34
PI641260,Nigeria,tropical,66.1,12.37,2.49,0.62,0.93,1.36
PI641262,Nigeria,tropical,65.385,11.03,2.59,0.96,0.85,1.33
PI641263,Nigeria,tropical,61.51,13.39,3.02,0.92,0.82,1.32
PI641264,Nigeria,tropical,67.17,11.23,2.09,1.06,1.02,1.33
PI641265,Nigeria,tropical,64.43,12.8,1.78,1.4,0.89,1.3
Ames10250,"US, Georgia",unclassified,65.43,12.25,2.78,1.06,1.11,1.33
Ames10252,"US, Georgia",unclassified,62.98,13.04,3.28,1.32,1.1,1.31
Ames10259,"US, Georgia",unclassified,66.06,10.93,3.37,1.08,1.01,1.31
Ames10261,"US, Georgia",unclassified,58.7,16.05,3.93,0.46,1.01,1.36
Ames10263,"US, Louisiana",unclassified,62.11,11.85,5.66,1.15,1.2,1.3
Ames10276,"US, South Carolina",unclassified,63.76,12.95,3.43,0.6,0.97,1.35
Ames12728,"US, North Carolina",unclassified,63.9,12.9,3.55,0.63,0.97,1.35
Ames12729,"US, North Carolina",unclassified,62.29,14.1,1.95,0.76,0.86,1.35
Ames12731,"US, North Carolina",unclassified,62.66,11.25,5.56,1.02,1.21,1.31
Ames12735,"US, North Carolina",unclassified,65.37,11.13,3.81,0.88,1.11,1.34
Ames12817,"US, Nebraska",unclassified,66.75,9.71,2.89,1.16,0.88,1.31
Ames12820,"US, Nebraska",unclassified,65.37,10.44,3.85,0.94,0.99,1.33
Ames12822,"US, Nebraska",unclassified,65.41,10.59,3.65,1.15,1.05,1.32
Ames14114,"US, Virginia",unclassified,59.84,14.03,3.32,1.39,0.85,1.28
Ames18999,"US, Alabama",unclassified,61.62,13.7,4.21,0.9,1.13,1.32
Ames19001,"US, Virginia",unclassified,64.48,11.12,4.47,1.31,1.19,1.3
Ames19003,"US, Virginia",unclassified,63.36,11.88,4.01,0.93,1.05,1.33
Ames19004,"US, Virginia",unclassified,63.84,11.31,4.56,1.71,1.18,1.26
Ames19012,"US, Virginia",unclassified,61.43,14.36,4.27,1.28,1.3,1.3
Ames19013,"US, Virginia",unclassified,63.4,11.96,3.99,1.12,1.09,1.31
Ames19314,US,unclassified,64.26,11.54,2.56,1.3,0.96,1.3
Ames19323,"US, Ohio",unclassified,61.58,12.59,5.26,1.07,1.23,1.31
Ames19326,"US, Illinois",unclassified,61.67,13.09,4.44,1.64,1.24,1.27
Ames19328,"US, Virginia",non-stiff stalk,57.71,15.09,5.25,0.81,1.19,1.32
Ames19330,"US, Wisconsin",unclassified,63.21,13.14,3.65,1.03,1.2,1.33
Ames20118,"US, Missouri",unclassified,62.71,13.36,2.92,1.11,1.01,1.31
Ames20140,"US, Minnesota",unclassified,61.61,13.22,3.17,1.44,1.01,1.29
Ames20190,"Canada, Manitoba",unclassified,62.2,14.49,3.23,1.39,1.31,1.3
Ames21095,"US, North Carolina",unclassified,63.96,11.97,3.81,0.4,1.11,1.37
Ames21512,"US, Iowa",unclassified,57.45,15.57,4.41,1.39,1.06,1.28
Ames22439,"US, Minnesota",unclassified,64.8,11.87,2.56,1.28,1.12,1.32
Ames22754,"US, Kansas",unclassified,60.23,13.85,4.46,0.64,1.15,1.34
Ames22762,"US, Texas",unclassified,61.27,13.13,3.93,1.91,1.23,1.25
Ames22766,"US, Texas",unclassified,61.69,11.15,5.2,1.98,1.24,1.22
Ames22792,"US, Minnesota",unclassified,60.93,13.33,4.49,0.66,1.14,1.35
Ames2328,China,unclassified,63.67,11.97,3.41,1.01,1.05,1.33
Ames2331,China,unclassified,61.85,13,2.99,1.23,1.02,1.31
Ames23389,"US, Minnesota",unclassified,62.83,12.04,4.32,1.48,1.17,1.29
Ames2339,China,unclassified,64.9,11.58,3.2,1.02,0.98,1.32
Ames23396,"US, Minnesota",unclassified,61.46,11.69,4.14,1.31,1.01,1.29
Ames23398,"US, Minnesota",unclassified,60.61,14.84,3.66,1.24,1.3,1.31
Ames23399,"US, Minnesota",unclassified,60.63,13.2,3.36,1.37,0.96,1.29
Ames2340,China,unclassified,62.97,13.19,3.08,0.96,1,1.32
Ames23401,"US, Minnesota",unclassified,55.7,15.73,4.22,1.7,1.03,1.26
Ames23404,"US, Minnesota",unclassified,59.08,14.72,4.05,1.41,1.16,1.29
Ames23405,"US, Minnesota",unclassified,65.43,11.91,1.86,1.32,1,1.31
Ames23407,"US, Minnesota",unclassified,61.6,12.78,3.47,1.4,1.03,1.29
Ames23413,"US, Minnesota",unclassified,59.65,13.56,3.85,1.37,1.02,1.29
Ames23414,"US, Minnesota",unclassified,61.9,14.43,2.98,1.41,1.25,1.3
Ames23415,"US, Minnesota",unclassified,63.53,11.83,3.74,1.29,1.16,1.3
Ames23419,"US, Minnesota",unclassified,61.83,13.47,3.86,1,1.21,1.32
Ames23420,"US, Minnesota",unclassified,60.05,13.44,4.86,1,1.2,1.32
Ames23422,"US, Minnesota",unclassified,64.12,12.94,2.88,1.16,1.18,1.32
Ames23423,"US, Minnesota",unclassified,62.4,12.96,3.33,1.14,1.12,1.32
Ames23424,"US, Minnesota",unclassified,58.61,14.59,4.83,1.16,1.18,1.3
Ames23425,"US, Minnesota",unclassified,60.97,14.06,3.35,1.73,1.27,1.27
Ames23426,"US, Minnesota",unclassified,62.91,14.32,2.71,1.46,1.32,1.3
Ames23431,"US, Minnesota",unclassified,61.33,12.61,2.9,1.14,0.93,1.31
Ames23433,"US, Minnesota",unclassified,60.5,12.38,4.97,1.25,1.2,1.29
Ames23440,"US, Minnesota",unclassified,61.98,13.4,3.93,1.32,1.22,1.3
Ames23442,"US, Minnesota",unclassified,59.75,14.41,4.94,1.27,1.32,1.3
Ames23443,"US, Minnesota",unclassified,63.04,12.84,4.08,1.23,1.17,1.3
Ames23444,"US, Minnesota",unclassified,59.79,14.02,4.68,1.5,1.21,1.27
Ames23449,"US, Minnesota",unclassified,62.72,13.88,3.94,1.42,1.36,1.3
Ames23450,"US, Minnesota",unclassified,64.24,10.9,3.3,1.83,1.06,1.27
Ames23455,"US, Minnesota",unclassified,62.69,13.39,2.99,1.41,1.2,1.3
Ames23465,"US, Minnesota",unclassified,63.52,12.22,3.86,1.51,1.21,1.28
Ames23466,"US, Minnesota",unclassified,63.41,12.79,3.21,2.08,1.29,1.24
Ames23467,"US, Minnesota",unclassified,61.61,13.19,3.5,1.23,1.08,1.31
Ames23474,"US, Minnesota",unclassified,58.27,15.28,3.53,1.47,1.03,1.28
Ames23475,"US, Minnesota",unclassified,62.32,14.47,2.72,1.09,1.18,1.32
Ames23476,"US, Minnesota",unclassified,65.49,12.25,2.77,1.23,1.15,1.32
Ames23480,"US, Minnesota",unclassified,61.83,12.67,4.38,1.35,1.19,1.3
Ames23492,"US, Minnesota",unclassified,61.82,13.36,3.24,1.31,1.27,1.3
Ames23493,"US, Minnesota",unclassified,63.68,11.37,3.11,1.71,1.11,1.27
Ames23497,"US, Minnesota",unclassified,62.84,13.41,3.17,0.87,1.18,1.34
Ames23498,"US, Minnesota",unclassified,64.52,11.96,2.42,1.09,1.1,1.32
Ames23500,"US, Minnesota",unclassified,60.98,15.73,2.31,0.91,1.17,1.34
Ames23505,"US, Minnesota",unclassified,61.73,14.48,2.6,1.32,1.19,1.31
Ames23506,"US, Minnesota",unclassified,59.69,14.63,4.08,0.69,1.03,1.34
Ames23923,"US, Texas",unclassified,61.13,12.87,4.4,0.77,1.16,1.33
Ames23924,"US, Texas",unclassified,59.39,13.28,5.02,1.21,1.08,1.29
Ames24585,"Canada, Ontario",unclassified,62.23,13.21,3.24,1.19,1.06,1.31
Ames24706,"US, Michigan",unclassified,60.91,14.49,3.27,1.32,1.15,1.3
Ames24708,"US, Michigan",unclassified,59.32,13.64,5.47,1.53,1.26,1.27
Ames24710,"US, Michigan",unclassified,63.79,12.26,3.53,1,1.08,1.33
Ames24713,"US, Michigan",unclassified,61.73,12.4,3.28,1.18,1.14,1.31
Ames24716,"US, Michigan",unclassified,59.59,14.09,3.45,1.2,1,1.3
Ames24717,"US, Michigan",unclassified,62.44,12.91,3.02,1.58,1.08,1.28
Ames24719,"US, Michigan",unclassified,62.22,12.72,3.28,1.28,1.1,1.3
Ames24722,"US, Michigan",unclassified,62.13,13.49,3.22,1.7,1.12,1.27
Ames24725,"US, Michigan",unclassified,65.1,11.02,3.18,1.2,1.07,1.31
Ames24727,"US, Michigan",unclassified,57.48,15.82,4.47,1.06,1.21,1.3
Ames24729,"US, Michigan",unclassified,64.02,12.45,2.93,0.93,1.07,1.33
Ames24734,"US, Michigan",unclassified,66.26,9.85,3.01,1.49,1.09,1.29
Ames24736,"US, Michigan",unclassified,65.18,11.05,2.22,1.48,1.04,1.29
Ames24740,"US, Michigan",unclassified,58.99,13.2,5.81,1.15,1.16,1.29
Ames24744,"US, Michigan",unclassified,62.87,12.51,3.93,1.08,1.16,1.31
Ames24745,"US, Michigan",unclassified,62.99,12.48,2.36,1.43,0.99,1.29
Ames24751,"US, Michigan",unclassified,62.84,11.88,3.41,1.03,1.03,1.32
Ames25373,"US, Pennsylvania",unclassified,62.78,13.69,3.72,1.31,1.27,1.3
Ames26028,"US, Missouri",unclassified,62.11,12.76,3.63,1.39,1.21,1.29
Ames26115,"US, Missouri",unclassified,63.77,11.69,4.45,1.6,1.34,1.27
Ames26117,"US, Missouri",unclassified,60.7,13.15,3.78,1.59,1.04,1.27
Ames26121,"US, Missouri",unclassified,58.81,15.68,3.49,1.26,1.14,1.3
Ames26123,"US, Missouri",unclassified,61.86,13.44,3.18,1.17,1.12,1.31
Ames26127,"US, Missouri",unclassified,63.28,11.81,4.59,1,1.16,1.31
Ames26128,"US, Missouri",unclassified,63.16,12.78,3.37,1.39,1.2,1.29
Ames26129,"US, Missouri",unclassified,64.51,13.07,2.55,1.03,1.15,1.33
Ames26130,"US, Missouri",unclassified,64.08,12.78,2.32,0.83,1.1,1.34
Ames26133,"US, Missouri",unclassified,58.26,15.16,5.02,0.78,1.21,1.33
Ames26604,"US, Indiana",unclassified,59.36,14.07,4.7,1.02,1.12,1.31
Ames26745,"US, Iowa",unclassified,62.72,13,3.26,2.14,1.23,1.24
Ames26746,"US, Iowa",unclassified,61.66,12.43,3.36,2.34,1.05,1.22
Ames26770,"US, Indiana",unclassified,64.27,11.6,2.63,1.29,1.1,1.31
Ames26773,"US, Indiana",unclassified,64.84,12.64,3.19,1.41,1.3,1.3
Ames26774,"US, Indiana",unclassified,58.69,13.59,4.19,1.43,0.97,1.28
Ames26780,"US, Indiana",unclassified,66.9,10.9,2.64,1.39,1.15,1.31
Ames26782,"US, Indiana",unclassified,60.41,14.59,3.63,1.03,1.06,1.32
Ames26783,"US, Indiana",unclassified,63.51,12.53,3.68,1.63,1.25,1.28
Ames26787,"US, Indiana",unclassified,63.07,13.05,3.15,1.2,1.12,1.32
Ames26788,"US, Indiana",unclassified,58.55,16.72,3.39,0.72,1.1,1.35
Ames26789,"US, Indiana",unclassified,62.16,13.01,4.82,1.33,1.27,1.29
Ames26790,"US, Indiana",unclassified,59.58,14.56,4.74,0.78,1.21,1.33
Ames26791,"US, Indiana",unclassified,63.88,11.72,3.22,1.29,1.08,1.3
Ames26794,"US, Indiana",unclassified,63.55,12.66,3.29,1.09,1.09,1.32
Ames26795,"US, Indiana",unclassified,63.57,10.93,5.52,1.26,1.29,1.29
Ames26797,"US, Indiana",unclassified,61.68,11.37,5.39,1.9,1.14,1.23
Ames26799,"US, Indiana",unclassified,62.45,13.4,2.87,1.08,1.11,1.32
Ames26803,"US, Indiana",unclassified,65.12,12.29,2.79,0.83,0.99,1.34
Ames26804,"US, Indiana",unclassified,62.14,13.46,3.19,0.69,0.92,1.34
Ames26805,"US, Indiana",unclassified,64.77,13.12,2.68,1.27,1.19,1.32
Ames26806,"US, Indiana",unclassified,61.24,14.56,3.57,1.42,1.24,1.29
Ames26909,"US, Missouri",unclassified,58.86,14.67,3.41,1.08,1.12,1.31
Ames27018,"Canada, Ontario",unclassified,65.72,10.93,2.57,1.23,1.02,1.32
Ames27019,"Canada, Ontario",unclassified,60.07,15.01,3.57,1.53,1.17,1.28
Ames27020,"Canada, Ontario",unclassified,64.14,10.54,3.99,1.25,1.04,1.3
Ames27021,"Canada, Ontario",unclassified,64.59,12.45,2.46,1.18,1.01,1.32
Ames27029,"Canada, Ontario",unclassified,65.94,12.06,2.59,1.04,1.12,1.34
Ames27031,"Canada, Manitoba",unclassified,65.41,11.97,2.79,1.5,1.13,1.29
Ames27032,"Canada, Manitoba",unclassified,64.56,13.81,2.25,0.92,1.06,1.34
Ames27034,"Canada, Manitoba",unclassified,63.14,13.05,3.67,1.31,1.18,1.3
Ames27036,"Canada, Manitoba",unclassified,61.28,12.18,5.65,0.87,1.13,1.32
Ames27038,"Canada, Manitoba",unclassified,63.69,11.72,3.67,1.36,1.15,1.3
Ames27039,"Canada, Ontario",unclassified,61.17,13.41,3.15,1.56,0.98,1.28
Ames27040,"Canada, Ontario",unclassified,63.95,13.68,2.66,1.14,1.08,1.32
Ames27041,"Canada, Ontario",unclassified,67.02,11.18,2.08,1.29,1.07,1.32
Ames27042,"Canada, Ontario",unclassified,64.3,13.45,2.26,1.23,1.11,1.32
Ames27043,"Canada, Ontario",unclassified,65.14,11.68,3.12,1.23,1.08,1.32
Ames27044,"Canada, Ontario",unclassified,57,14.63,5.15,1.71,1.16,1.25
Ames27048,"Canada, Ontario",unclassified,62.74,12.64,3.69,1.94,1.1,1.24
Ames27050,"Canada, Ontario",unclassified,62.36,12.66,3.8,0.93,1.07,1.33
Ames27057,"Canada, Ontario",unclassified,62.82,12.23,3.67,1.37,1.14,1.3
Ames27064,South Africa,unclassified,62.19,13.79,2.55,1.36,1.06,1.31
Ames27069,"Canada, Ontario",unclassified,60.46,13.94,4.12,1.15,1.16,1.31
Ames27070,"Canada, Manitoba",unclassified,63.46,13.4,2.86,1.41,1.23,1.31
Ames27105,"Canada, Ontario",unclassified,62.78,13.08,2.55,1.53,1.1,1.3
Ames27106,"Canada, Ontario",unclassified,58.82,14.25,4.5,1.1,1.24,1.31
Ames27107,"Canada, Ontario",unclassified,56.06,16.77,3.49,1.31,1.04,1.3
Ames27108,"South Africa, KwaZulu - Natal",unclassified,57.17,13.86,3.9,1.22,0.87,1.3
Ames27110,"US, North Carolina",unclassified,63.27,10.03,5.53,0.81,1.17,1.33
Ames27111,"US, North Carolina",unclassified,57.06,15.61,3.25,1.11,0.94,1.32
Ames27114,"US, North Carolina",unclassified,62.82,13.23,2.42,1.35,1.12,1.31
Ames27115,"US, Indiana",unclassified,63.48,12.8,2,0.83,0.96,1.34
Ames27116,"US, North Carolina",unclassified,62.12,12.47,3.72,1.53,1.07,1.28
Ames27122,"US, Kansas",unclassified,61.57,13.67,3.38,0.9,1.12,1.33
Ames27135,"US, North Carolina",unclassified,59.8,13.79,2.99,1.17,1.09,1.32
Ames27136,"US, North Carolina",unclassified,60.42,12.37,5.79,1.33,1.21,1.28
Ames27137,"US, North Carolina",unclassified,61.15,12.76,3.95,0.87,1.12,1.34
Ames27139,"US, North Carolina",unclassified,59.18,14.4,4.06,0.99,1.27,1.32
Ames27144,"US, North Carolina",unclassified,65.88,10.77,2.41,1.07,1.01,1.33
Ames27145,"US, North Carolina",unclassified,65.44,11.08,2.92,1.15,1.11,1.32
Ames27148,"US, North Carolina",unclassified,61.28,11.51,4.2,0.88,1.09,1.33
Ames27151,"US, North Carolina",unclassified,64.59,11.32,3.15,0.79,1.15,1.35
Ames27152,"US, North Carolina",unclassified,63.28,13.06,2.51,0.91,1.14,1.34
Ames27153,"US, North Carolina",unclassified,64.17,10.78,3.27,1.18,1.08,1.32
Ames27154,"US, North Carolina",unclassified,64.18,11.58,3.09,1.1,1.16,1.33
Ames27155,"US, North Carolina",unclassified,61.74,12.93,3.81,0.16,1.08,1.38
Ames27156,"US, North Carolina",unclassified,60.63,13.95,4.75,0.39,1.2,1.37
Ames27157,"US, North Carolina",unclassified,62.93,12.05,3.72,0.1,1.09,1.38
Ames27158,"US, North Carolina",unclassified,62.51,12.04,3.33,0.75,1.04,1.35
Ames27159,"US, North Carolina",unclassified,62.85,12.55,3.43,1.32,1.19,1.31
Ames27162,"US, North Carolina",unclassified,61.75,12.59,3.89,0.1,1.06,1.39
Ames27163,"US, North Carolina",unclassified,62.46,12.74,3.87,0.15,1.09,1.38
Ames27164,"US, North Carolina",unclassified,63.46,10.12,4.16,1.33,1.02,1.3
Ames27165,"US, North Carolina",unclassified,65.4,10.28,2.09,1.38,0.89,1.31
Ames27166,"US, North Carolina",unclassified,58.99,13.68,2.6,1.21,1.14,1.31
Ames27167,"US, North Carolina",unclassified,62,12.1,3.6,0.66,1.03,1.35
Ames27168,"US, North Carolina",unclassified,64.59,10.3,3.32,0.66,1.06,1.36
Ames27169,"US, North Carolina",unclassified,64.29,11.09,3.34,0.8,1.06,1.34
Ames27170,"US, North Carolina",unclassified,59.45,13.5,3.73,0.83,0.93,1.33
Ames27173,"US, North Carolina",unclassified,58.97,12.03,5.52,1.16,1.11,1.29
Ames27174,"US, North Carolina",unclassified,65.38,11.34,2.79,0.42,1.07,1.37
Ames27176,"US, North Carolina",unclassified,66.28,10.15,2.66,1.11,1.07,1.32
Ames27177,"US, North Carolina",unclassified,65.1,10.37,3.48,1.58,1.13,1.28
Ames27179,"US, North Carolina",unclassified,66.99,10.81,3.18,0.23,1.1,1.39
Ames27181,"US, North Carolina",unclassified,61.59,11.83,5.05,0.59,1.13,1.35
Ames27182,"US, North Carolina",unclassified,66,10.71,3.07,1.24,1.12,1.31
Ames27187,"US, North Carolina",unclassified,61.86,13.98,3.96,1.96,1.34,1.26
Ames27190,"US, Tennessee",unclassified,61.85,12.19,4.74,1.33,1.32,1.3
Ames27191,"US, North Carolina",unclassified,60.93,12.87,3.42,1.44,1.07,1.28
Ames27192,"US, North Carolina",unclassified,60.06,14.17,3.62,1.07,1.01,1.31
Ames27194,"US, Wisconsin",unclassified,62.27,14.12,3.14,1.76,1.18,1.27
Ames27196,"US, North Carolina",unclassified,62.49,13.78,3.52,1.29,1.12,1.3
Ames27261,"US, North Carolina",unclassified,63.62,13,2.41,0.73,0.89,1.34
Ames28290,"US, North Carolina",unclassified,61.94,14.23,3.61,1.67,1.33,1.28
Ames28291,"US, Hawaii",unclassified,57.35,17.33,3.62,0.91,1.11,1.32
Ames28365,"US, Maryland",unclassified,63.94,10.69,4.1,1.1,1.01,1.31
Ames28367,"US, Virginia",unclassified,62.55,12.42,3,1.45,0.97,1.29
Ames28939,"US, Missouri",unclassified,65.15,10.12,4.27,1.85,1.18,1.25
Ames28983,"US, Iowa",unclassified,58.11,13.53,3.23,1.22,0.97,1.3
Ames29026,"US, Iowa",unclassified,60.27,12.87,2.69,0.99,0.88,1.33
Ames8399,"US, Wisconsin",unclassified,64.2,11.49,3.3,1.19,1.17,1.31
CIze21,US,unclassified,64.6,11.73,2.32,0.91,1.05,1.34
CIze28,US,unclassified,61.29,12.57,4.45,1.15,1.02,1.3
CIze85,US,unclassified,60.48,13.94,2.93,1.5,1.14,1.29
CIze88,US,unclassified,55.19,16.84,3.9,1.19,1.1,1.31
CIze90,US,unclassified,59.2,12.41,5.69,0.92,1.25,1.31
CIze91,US,unclassified,56.27,14.81,5.05,1.21,1.17,1.3
NSL117226,"US, Illinois",unclassified,56.78,13.99,6.24,1.32,1.14,1.27
NSL174429,"US, California",unclassified,62.06,13.5,3.41,1.21,1.02,1.3
NSL197105,"US, Indiana",unclassified,62.48,12.09,3.57,1.09,1.06,1.32
NSL22894,"US, Florida",unclassified,61.05,13.08,3.94,0.87,1.15,1.34
NSL243016,"US, Minnesota",unclassified,63.17,13.28,3.55,1.27,1.18,1.31
NSL29284,"US, Illinois",unclassified,64.87,11.53,2.1,1.32,1.06,1.32
NSL29304,"US, Illinois",unclassified,61.39,12.42,4.57,0.9,1.23,1.33
NSL29305,"US, Illinois",unclassified,63.82,11.67,2.51,1.32,1.07,1.31
NSL29314,"US, Illinois",unclassified,63.12,11.97,2.44,1.3,1,1.31
NSL29317,"US, Illinois",unclassified,60.19,11.36,6.5,1.14,1.18,1.29
NSL30038,"US, Missouri",unclassified,61.48,12.18,4.97,1.17,1.2,1.3
NSL30058,"US, Wisconsin",unclassified,59.46,13.48,3.94,1.03,1.04,1.32
NSL30062,"US, Wisconsin",unclassified,61.38,12.34,4.4,1.43,1.25,1.29
NSL30063,"US, Wisconsin",unclassified,59.85,13.23,3.93,1.1,1.12,1.31
NSL30064,"US, Wisconsin",unclassified,62.44,11.67,3.46,1.36,1.01,1.29
NSL30066,"US, Wisconsin",unclassified,61.37,11.79,4.17,1.41,1.12,1.29
NSL30072,"US, Wisconsin",unclassified,62.67,12.4,3.2,1.27,1.03,1.3
NSL30073,"US, Wisconsin",unclassified,62.25,13.04,3.94,1.31,1.21,1.3
NSL30866,"US, Illinois",unclassified,63.03,13.54,3.24,1.89,1.26,1.27
NSL30867,"US, Illinois",unclassified,62.65,12.75,3.64,0.91,1.13,1.33
NSL30875,"US, Illinois",unclassified,59.62,15.2,3.7,1.14,1.21,1.31
NSL30876,"US, Illinois",unclassified,57.43,11.98,8.28,1.04,1.25,1.28
NSL30877,"US, Illinois",unclassified,56.65,13.78,7.43,1.62,1.43,1.25
NSL30879,"US, Illinois",unclassified,67.2,10.59,2.1,1.05,0.99,1.33
NSL30880,"US, Illinois",unclassified,63.18,13.06,3.47,1.13,1.21,1.32
NSL30890,"US, Illinois",unclassified,63,12.03,3.32,1.1,1,1.32
NSL30891,"US, Illinois",unclassified,63.01,12.58,4.02,1.16,1.18,1.32
NSL30894,"US, Illinois",unclassified,63.85,11.34,4.17,1.08,1.22,1.32
NSL30896,"US, Illinois",unclassified,62.68,12.44,3,1.41,1.1,1.29
NSL30903,"US, Illinois",unclassified,63.89,12.22,2.77,1.05,1.08,1.33
NSL30904,"US, Illinois",unclassified,59.6,13.67,3.95,0.84,1.03,1.33
NSL30905,"US, Illinois",unclassified,63.61,12.25,2.74,1.25,0.99,1.31
NSL30907,"US, Illinois",unclassified,64.82,9.76,4.64,0.81,1.07,1.34
NSL32728,"US, North Dakota",unclassified,64.08,11.39,3.96,1.53,1.21,1.28
NSL32730,"US, North Dakota",unclassified,62.56,13.72,3.16,1.06,1.05,1.33
NSL32739,"US, North Dakota",unclassified,62.38,13.86,2.44,0.36,1.06,1.38
NSL42874,"US, Minnesota",unclassified,61.42,13.71,3.49,1.35,1.17,1.3
NSL42875,"US, Minnesota",unclassified,61.95,12.53,3.81,1.11,1.06,1.31
NSL437871,"Australia, New South Wales",unclassified,64.52,10.77,4.5,0.63,1.01,1.35
NSL437923,"Australia, Queensland",unclassified,63.51,11.57,4.74,2.37,1.31,1.21
NSL437931,"Australia, New South Wales",unclassified,61.08,12.76,4.31,1.92,1.16,1.25
NSL437933,"Australia, New South Wales",unclassified,64.27,11.3,4.16,2.15,1.29,1.24
NSL437935,"Australia, New South Wales",unclassified,60.4,13.07,4.64,2.15,1.19,1.23
NSL437937,"Australia, New South Wales",unclassified,60.27,12.34,4.79,1.96,1.17,1.24
NSL437952,"Australia, Queensland",unclassified,62.78,12.26,3.68,1,1.2,1.33
NSL437959,"Australia, Queensland",unclassified,61.26,12.31,4.1,1.15,1.08,1.31
NSL437960,"Australia, New South Wales",unclassified,66.85,8.93,2.95,1.16,1.08,1.33
NSL437966,"Australia, Queensland",unclassified,64.83,10.58,2.7,1.08,1.07,1.32
NSL437981,"Australia, Queensland",unclassified,66.01,10.25,2.82,1.16,1.09,1.32
NSL437996,"Australia, Queensland",unclassified,62.2,12.12,3.73,1.84,1.16,1.26
NSL438010,"Australia, Queensland",unclassified,64.22,10.64,2.95,1.12,0.95,1.32
NSL438021,"Australia, Queensland",unclassified,64.56,10.78,3.58,1.17,1.18,1.31
NSL438022,"Australia, Queensland",unclassified,65.63,10.63,1.9,1.04,0.95,1.34
NSL438033,"Australia, Queensland",unclassified,62.62,11.83,4.32,2.07,1.3,1.24
NSL438034,"Australia, Queensland",unclassified,62.07,12.14,4.1,1.84,1.17,1.26
NSL438043,"Australia, Queensland",unclassified,61.38,11.74,4.16,0.84,1.14,1.34
NSL53083,"US, South Carolina",unclassified,62.3,11.66,5.57,0.54,1.11,1.34
NSL53094,"US, South Carolina",unclassified,54.36,14.24,6.52,0.96,1.08,1.3
NSL65864,"US, Iowa",unclassified,63.62,11.82,3.64,1.02,0.99,1.32
NSL65865,"US, Iowa",unclassified,64.98,10.66,2.76,1.49,1,1.29
NSL65868,"US, Iowa",unclassified,61.01,14.33,3.44,0.99,1.17,1.33
NSL65873,"US, Iowa",unclassified,63.01,12.36,3.91,0.75,1.09,1.35
NSL67786,"US, Missouri",unclassified,60.1,11.93,5.47,1.04,1.11,1.3
NSL67796,"US, Missouri",unclassified,62.71,10.55,5.02,1.73,1.11,1.25
NSL67797,"US, Missouri",unclassified,59.22,11.99,5.82,1.59,1.09,1.25
NSL67798,"US, Missouri",unclassified,61.75,11.61,4.02,1.97,1.09,1.24
NSL67799,"US, Missouri",unclassified,57.03,13.44,6.06,1.21,1.13,1.29
NSL68211,"US, Ohio",unclassified,62.81,13.92,3.02,1.18,1.17,1.32
NSL75976,"US, Iowa",popcorn,64.09,12.08,2.81,1.22,1.03,1.31
NSL81595,"US, Minnesota",unclassified,63.1,12.4,3.75,0.75,1.09,1.34
NSL81597,"US, Minnesota",unclassified,62.03,12.72,3.05,0.77,1.02,1.34
NSL81599,"US, Minnesota",unclassified,61.65,12.85,3,1.63,1.12,1.28
PI200184,Israel,unclassified,62.53,13.45,3.56,1.32,1.19,1.3
PI200187,Israel,unclassified,62.86,12,4.17,1.33,1.07,1.29
PI221743,"South Africa, Transvaal",unclassified,58.25,14.4,3.57,1.14,1.04,1.3
PI221747,"South Africa, Transvaal",unclassified,64.78,12.51,3.95,2.45,1.28,1.2
PI221750,"South Africa, Transvaal",unclassified,65.99,10.13,4.2,1.28,1.11,1.3
PI257507,"France, Puy - de - Dome",unclassified,56.05,14.55,3.66,1.74,0.86,1.26
PI267169,"Soviet Union, Former",unclassified,63.99,11.55,3.38,1.1,1.24,1.32
PI270297,Argentina,unclassified,60.7,13.05,2.63,0.95,0.96,1.33
PI303925,Spain,unclassified,67.67,9.48,3.25,1.44,1.05,1.29
PI303928,Spain,unclassified,64.45,10.58,3.48,1.02,1.02,1.32
PI303940,Spain,unclassified,59.78,13.83,4.53,1.41,1.12,1.29
PI303943,Taiwan,unclassified,60.19,12.66,4,1.31,0.95,1.28
PI340812,Israel,unclassified,65.15,11.13,3.63,1.09,1.03,1.31
PI340843,"US, Iowa",unclassified,62.03,12.64,4.16,1.04,1.06,1.31
PI340854,"US, Iowa",unclassified,64.28,14.31,1.32,0.67,1.04,1.36
PI340860,"US, Iowa",unclassified,64.09,12.37,1.84,0.94,0.99,1.34
PI340863,"US, Iowa",unclassified,62.98,13.64,1.83,0.83,0.97,1.34
PI343952,Poland,unclassified,64.65,11.49,3.41,1.36,0.98,1.29
PI343953,Poland,unclassified,62.89,12.46,3.74,1.16,1.09,1.31
PI369438,Poland,unclassified,65.18,11.73,2.92,0.87,1.17,1.34
PI369446,Poland,unclassified,61.39,15.09,2.99,1.21,1.17,1.31
PI391672,"China, Shaanxi",unclassified,63.49,12.4,3.8,0.69,1.06,1.34
PI406106,"South Africa, KwaZulu - Natal",unclassified,64.99,12.01,3.33,0.76,1.04,1.35
PI406107,"South Africa, KwaZulu - Natal",unclassified,65.82,10.67,3.69,0.92,1.16,1.33
PI406128,"South Africa, KwaZulu - Natal",unclassified,65.48,11.18,3.01,1.41,1.13,1.3
PI415079,Hungary,unclassified,66.13,10.56,3.03,1.28,0.91,1.3
PI415082,Hungary,unclassified,65.25,12.58,2.65,0.6,1.09,1.36
PI459078,China,unclassified,64.73,10.94,3.78,1.05,1.12,1.32
PI506411,"US, Oklahoma",unclassified,57.34,12.14,7.22,0.94,1.06,1.28
PI508277,"US, South Dakota",unclassified,62.5,13,3.23,1.44,1.12,1.29
PI511315,"US, Georgia",unclassified,62.15,12.41,4.68,0.98,1.18,1.32
PI518660,"US, South Dakota",unclassified,62.55,12.47,2.87,1.47,0.98,1.29
PI520770,"US, Wisconsin",unclassified,64.32,12.18,2.93,1.15,0.94,1.31
PI520771,"US, Wisconsin",unclassified,63.99,12.01,3.01,1.49,0.99,1.28
PI520772,"US, Wisconsin",unclassified,63.19,11.57,2.85,1.43,0.91,1.29
PI522250,"US, North Dakota",unclassified,65.06,13.27,1.98,0.96,1.07,1.34
PI522252,"US, North Dakota",unclassified,62.59,13.61,2.24,1.56,1,1.28
PI531084,"US, North Carolina",unclassified,61.47,11.27,3.76,1.06,1.02,1.32
PI531085,"US, North Carolina",unclassified,61.13,11.91,3.27,1.6,0.99,1.28
PI535914,Poland,unclassified,62.72,12.49,3.46,0.91,1.23,1.33
PI535920,Poland,unclassified,61.24,13.1,3.73,0.96,1.01,1.32
PI535921,Poland,unclassified,65.11,12.87,2.28,1.42,1.09,1.3
PI535925,Poland,unclassified,64.15,12.61,3.93,0.61,1.2,1.35
PI535926,Poland,unclassified,59.7,13.84,4.66,1.65,1.21,1.26
PI537101,"US, Indiana",unclassified,63.46,13.4,2.56,1.39,1.09,1.3
PI538008,"US, Iowa",unclassified,63.38,12.54,2.87,1.23,1.13,1.32
PI538010,"US, Iowa",unclassified,62.77,12.36,3.99,1.41,1.21,1.3
PI538229,"US, South Dakota",unclassified,63.67,12.23,2.66,1.67,1.09,1.28
PI538237,"US, South Dakota",unclassified,63.11,12.93,2.78,1.05,1.16,1.33
PI538238,"US, South Dakota",unclassified,64.79,11.69,3.06,0.93,1.1,1.33
PI539920,"US, Minnesota",unclassified,62.74,11.64,3.66,1.28,1.18,1.31
PI539921,"US, Minnesota",unclassified,63.35,11.14,4.08,1.53,1.18,1.29
PI539925,"US, Iowa",unclassified,64.45,12.11,2.24,1.34,1.14,1.31
PI539930,"US, Minnesota",unclassified,60.15,13.51,4.76,0.89,1.16,1.33
PI542716,"US, Nebraska",unclassified,62.01,14.18,2.28,0.92,0.97,1.33
PI542948,"US, Tennessee",unclassified,65.4,10.97,1.89,1.36,1.05,1.31
PI542955,"US, Virginia",unclassified,61.05,13.44,3.48,0.68,1.08,1.35
PI543840,"US, Iowa",unclassified,64.18,11.43,3.57,0.88,1.11,1.37
PI543841-1,"US, Iowa",unclassified,67.76,8.72,2.99,0.89,1.05,1.34
PI543842-1,"US, Iowa",unclassified,61.41,11.59,3.63,1.7,1.03,1.27
PI543843,"US, Iowa",unclassified,64.63,11.3,2.5,1.05,1.07,1.33
PI543845-1,"US, Iowa",unclassified,62.66,13.44,2.28,1.07,0.98,1.33
PI543846,"US, South Dakota",unclassified,64.94,12.37,1.89,0.7,0.96,1.36
PI543847,"US, Iowa",unclassified,63.96,11.93,2.14,1.46,1,1.3
PI543849,"US, Iowa",unclassified,65.42,11.61,2.15,1.21,1.17,1.33
PI543850,"US, Iowa",unclassified,62.89,12.34,2.12,0.98,0.97,1.34
PI543916,"US, Mississippi",unclassified,61.33,13.07,4.31,1.05,1.15,1.32
PI544065,"US, Minnesota",unclassified,65.5,9.91,3.16,1.46,1.15,1.3
PI546482,"US, Illinois",unclassified,64.26,12.19,2.58,1.5,1.19,1.3
PI546483,"US, Missouri",unclassified,61.53,12.46,4.08,1.08,1.2,1.32
PI546484,"US, Missouri",unclassified,64.95,10.98,2.22,1.11,0.91,1.32
PI546485,"US, Illinois",unclassified,63.67,10.86,3.95,1.74,1.22,1.26
PI547087,"US, Iowa",unclassified,61.54,13.29,2.49,1.35,0.99,1.3
PI547089,"US, Iowa",unclassified,62.64,11.83,1.66,1.5,1.05,1.3
PI547107,"France, Nouvelle-Aquitaine",unclassified,60.43,12.96,3.02,1.94,1.04,1.25
PI548788,"US, Georgia",unclassified,59.13,13.82,3.8,1.04,1.19,1.32
PI548798,"US, Iowa",unclassified,60.68,14.01,3.55,1.03,1.21,1.33
PI548799,"US, Iowa",unclassified,64.43,10.55,3.19,1.39,1.07,1.3
PI548800,"US, Iowa",unclassified,64.8,9.08,4.28,0.95,1.18,1.32
PI548801,"US, Iowa",unclassified,66.01,9.9,3.11,1.22,1.09,1.32
PI548808,"US, Nebraska",unclassified,62.24,12.34,3.63,1.15,0.94,1.31
PI548830,"US, Illinois",unclassified,64.85,11.12,2.27,1.4,1.15,1.31
PI548839,"US, Missouri",unclassified,65.11,11.27,2.49,1.02,1.16,1.33
PI550440,"US, Iowa",unclassified,61.16,13.43,2.42,1.3,0.97,1.3
PI550441,"US, Missouri",unclassified,61.59,11.22,4.36,1.28,1.11,1.3
PI550468,"US, Iowa",unclassified,60.11,12.46,4.38,1.01,1.06,1.32
PI550469,"US, Iowa",unclassified,63.64,11.68,2.89,1.52,1.09,1.29
PI550490,"US, North Dakota",unclassified,60.57,13.46,3.93,1.3,1.21,1.3
PI550491,"US, North Dakota",unclassified,61.25,12.41,3.44,0.97,1.08,1.33
PI550496,"US, Indiana",unclassified,59.07,12.57,3.66,1.03,0.94,1.32
PI550497,"US, Indiana",unclassified,58.36,14.09,3.93,1.1,1.07,1.31
PI550503,"US, North Dakota",unclassified,61.57,12.05,4.27,1.18,1.26,1.31
PI550516,"US, Tennessee",unclassified,61.61,11.94,4.21,1.22,1.21,1.31
PI550517,"US, Tennessee",unclassified,61.07,12.07,4.07,1.28,0.98,1.29
PI550518,"US, Tennessee",unclassified,61.62,12.69,3.96,0.72,1.08,1.34
PI550520,"US, Tennessee",unclassified,58.49,14.23,4.63,1.05,1.2,1.32
PI550521,"US, Tennessee",unclassified,65.23,9.68,3.22,1.03,1.03,1.33
PI550522,"US, Tennessee",unclassified,62.5,13.86,2.45,1,1.13,1.34
PI550531,"US, North Dakota",unclassified,63.73,11.28,4.02,1.08,1.3,1.32
PI550532,"US, North Dakota",unclassified,64.5,10.12,4.19,1.36,1.3,1.3
PI550540,"US, North Dakota",unclassified,58.27,15.43,2.99,0.96,1.12,1.33
PI550541,"US, North Dakota",unclassified,63.86,10.74,3.68,0.92,1.12,1.33
PI550542,"US, North Dakota",unclassified,63.03,11.51,3.72,1.24,1.2,1.32
PI550546,"US, Mississippi",unclassified,65.51,10.49,2.79,0.78,1.05,1.35
PI550547,"US, Mississippi",unclassified,66,10.39,3.61,0.78,1.13,1.34
PI550548,"US, Mississippi",unclassified,64.97,10.76,2.28,0.86,0.98,1.35
PI550552,"US, North Dakota",unclassified,62.64,10.88,4.13,1.15,1.18,1.31
PI550553,"US, North Dakota",unclassified,59.5,14.31,4.2,0.82,1.09,1.34
PI550554,"US, North Dakota",unclassified,62.73,13.16,3.01,1.35,1.06,1.29
PI550556,"US, Iowa",unclassified,64.36,11.81,2.88,1.25,1.21,1.32
PI550558,"US, Delaware",unclassified,62.22,11.32,3.85,1.34,0.99,1.3
PI550561,"US, North Dakota",unclassified,63.77,10.01,3.53,1.64,1.04,1.27
PI550567,"US, Nebraska",unclassified,61.63,10.2,6.39,1.98,1.27,1.23
PI550568,"US, Nebraska",unclassified,61.58,10.69,5.55,1.39,1.21,1.28
PI550571,"US, North Dakota",unclassified,61.32,13.39,3.17,1.29,1.15,1.31
PI550573,"US, North Dakota",unclassified,60.05,15.34,3.54,1.13,1.05,1.31
PI550574,"US, Georgia",unclassified,63.89,12.34,3.03,1.24,1.27,1.32
PI550695,"France, Nouvelle-Aquitaine",unclassified,61.67,12.9,3.01,1.72,1.03,1.27
PI553054,"US, Iowa",unclassified,55.6,13.84,5.53,1.19,1.12,1.29
PI553055,"US, Iowa",unclassified,59.6,13.87,3.14,1.27,0.99,1.31
PI553056,"US, Iowa",unclassified,56.99,14.88,4.23,1.37,1.1,1.29
PI553057,"US, Iowa",unclassified,60.29,11.61,5.1,2.07,1.21,1.23
PI553058,"US, Iowa",unclassified,57.78,12.13,2.96,0.32,1,1.38
PI553059,"US, Iowa",unclassified,56.56,13.73,4.27,1.57,0.94,1.27
PI553061,"US, Iowa",unclassified,57.06,15.66,3.19,1.5,1.11,1.28
PI554612,"US, Iowa",unclassified,64.1,10.86,2.97,1.21,0.98,1.31
PI554615,"US, Illinois",unclassified,65.03,12.45,2.34,1.32,1.06,1.31
PI554616,"US, Illinois",unclassified,58.44,14.43,2.52,1.02,0.92,1.33
PI555650,"US, Illinois",unclassified,60.53,12.63,3.88,1.45,1.07,1.29
PI555660,"US, Indiana",unclassified,64.14,11.57,3.13,1.23,1.07,1.31
PI558516,"US, Missouri",unclassified,62.51,11.75,3.87,0.96,1.12,1.32
PI558521,"US, Missouri",unclassified,62.03,12.82,2.96,1.48,1.13,1.29
PI558522,"US, Missouri",unclassified,62.42,11.25,4.34,0.82,1.2,1.33
PI558524,"US, Missouri",unclassified,61.79,10.87,4.6,1.09,1.11,1.31
PI558525,"US, Missouri",unclassified,63.96,11.79,3.07,1.55,1.15,1.29
PI558526,"US, Missouri",unclassified,63.4,11.87,2.83,1.55,1.22,1.29
PI558527,"US, Missouri",unclassified,64.02,11.67,2.56,1.32,1.11,1.31
PI558528,"US, Missouri",unclassified,63.79,10.41,3.37,1.58,1.11,1.28
PI558529,"US, Missouri",unclassified,64.98,10.4,3.36,1.33,1.14,1.31
PI558530,"US, Missouri",unclassified,61.96,11.69,3.07,1.38,1.05,1.29
PI558533,"US, Missouri",unclassified,62.47,11.96,3.83,1.46,1.19,1.29
PI559375,"US, Minnesota",unclassified,60.48,14.08,3.42,1.2,1.03,1.3
PI559383,"US, Iowa",unclassified,58.7,14.06,5.29,0.96,1.22,1.32
PI559918,"US, Illinois",unclassified,59.86,12.65,4.51,1.72,1.19,1.26
PI559919,"US, Illinois",unclassified,59.04,13.41,4.44,1.52,1.19,1.28
PI559921,"US, Illinois",unclassified,61.16,14.36,2.34,1.28,1.18,1.32
PI559935,"US, Iowa",unclassified,58.27,15.05,2.98,1.33,1.06,1.31
PI559944,"US, Iowa",unclassified,66.6,9.41,2.84,1.26,1.12,1.32
PI559945,"US, Iowa",unclassified,61.01,12.94,3.18,1.17,1.05,1.31
PI559946,"US, Iowa",unclassified,63.17,11.51,3.06,1.46,1.06,1.3
PI559949,"US, Iowa",unclassified,63.01,12.08,3.01,1.19,1.14,1.32
PI559952,"US, Iowa",unclassified,62.84,11.31,3.05,1.2,1.08,1.31
PI559953,"US, Iowa",unclassified,64.53,10.47,3,1.45,1.03,1.3
PI559954,"US, Pennsylvania",unclassified,63.61,13.25,2.5,0.96,0.94,1.33
PI560074,"US, Pennsylvania",unclassified,60.67,12.35,4.29,1.39,1.12,1.28
PI560082,"US, Pennsylvania",unclassified,58.98,13.91,4.36,0.94,1.22,1.33
PI560316,"US, Illinois",unclassified,61.33,13.83,3.01,1.3,0.97,1.3
PI561522,"US, Arkansas",unclassified,62.33,10.76,4.26,1.15,1.07,1.31
PI561525,"US, Arkansas",unclassified,62.66,11.41,4.43,1.35,1.2,1.3
PI561526,"US, Arkansas",unclassified,58.52,15.16,4.52,1.21,1.18,1.3
PI561529,"US, Arkansas",unclassified,62.05,15.5,2.79,0.95,1.14,1.34
PI564852,"US, Iowa",unclassified,63.74,12.75,3.98,1.42,1.19,1.29
PI583350,"US, Missouri",unclassified,61.38,12.54,2.84,1.09,1.1,1.32
PI583774,"US, Illinois",unclassified,64.06,12.63,2.34,1.47,1.13,1.3
PI587124,"Canada, Manitoba",unclassified,63.29,12.6,2.64,0.95,1.09,1.34
PI587125,"Canada, Ontario",unclassified,62.82,11.94,2.72,1.18,1.05,1.32
PI587129,"US, Indiana",unclassified,61.62,12.9,3.22,0.94,1.17,1.34
PI587130,"US, Indiana",unclassified,57.78,14.44,2.81,1.26,0.95,1.31
PI587136,"US, Kentucky",unclassified,63,12.26,3.09,1.19,1.18,1.32
PI587137,"US, Michigan",unclassified,60.56,13.02,3.4,1.36,1.2,1.29
PI587138,"US, Minnesota",unclassified,57.71,14.1,4.62,1.04,1.09,1.31
PI587141,"US, Minnesota",unclassified,64.7,10.95,3.12,0.8,1.15,1.35
PI587142,"US, Minnesota",unclassified,66.59,10.28,2.29,1.2,1.14,1.33
PI587147,"US, Pennsylvania",unclassified,60.35,14.63,3.32,1.11,1.23,1.33
PI587148,US,unclassified,59.39,13.57,5.37,0.62,1.29,1.34
PI587151,"US, Virginia",unclassified,59.88,14.1,3.64,0.87,1.13,1.34
PI591015,South Africa,unclassified,62.79,10.29,5.24,2.29,1.11,1.21
PI592733,"US, Illinois",unclassified,64.81,11.52,3.52,1.19,1.1,1.31
PI592735,"US, Illinois",unclassified,62.76,13.87,3.3,1.19,1.23,1.32
PI592741,"US, Nebraska",unclassified,64.99,9.43,4.51,1.4,1.1,1.29
PI593008,"US, Hawaii",unclassified,60.75,14.02,3.56,1.55,1.09,1.27
PI593010,"US, Hawaii",unclassified,62.21,14.62,3.07,0.85,1.1,1.34
PI593015,"US, Hawaii",unclassified,62.45,13.08,3.55,0.96,1.01,1.33
PI593017,"US, Hawaii",unclassified,62.66,12.56,3.75,1.42,1,1.29
PI593460,"US, Minnesota",unclassified,61.88,12.57,3.62,1.93,1.27,1.25
PI594050,"US, Nebraska",unclassified,65.7,10.75,3.3,1.27,1.15,1.31
PI594051,"US, Nebraska",unclassified,65.78,11.48,2.59,0.94,1.06,1.33
PI594052,"US, Nebraska",unclassified,63.22,13.85,3.24,1.69,1.18,1.27
PI594053,"US, Nebraska",unclassified,64.07,12.15,4.23,1.58,1.2,1.28
PI594054,"US, Nebraska",unclassified,61.08,13.17,3.67,1.08,0.89,1.31
PI594055,"US, Nebraska",unclassified,63.12,13.96,3.23,0.86,1.04,1.33
PI594056,"US, Nebraska",unclassified,63.56,12.53,3.94,1.1,1.13,1.31
PI594057,"US, Nebraska",unclassified,61.86,13.61,2.96,1.01,0.95,1.32
PI594058,"US, Nebraska",unclassified,65.44,12.54,2.26,1.66,1.08,1.28
PI594059,"US, Nebraska",unclassified,65.95,11.49,2.92,1.01,1.07,1.33
PI594060,"US, Nebraska",unclassified,63.21,13.09,3.42,1.47,1.15,1.29
PI594061,"US, Nebraska",unclassified,59.91,14.21,3.42,0.93,0.91,1.32
PI594062,"US, Nebraska",unclassified,64.46,13,3.02,1.15,1.07,1.31
PI594063,"US, Nebraska",unclassified,64.55,13.16,2.55,1.3,1.12,1.31
PI594064,"US, Nebraska",unclassified,61.41,14.06,3.87,1.52,1.16,1.28
PI594065,"US, Nebraska",unclassified,61.11,15.32,3.01,1.44,1.04,1.29
PI594066,"US, Nebraska",unclassified,64.53,12.73,3.23,0.77,1.09,1.34
PI594067,"US, Nebraska",unclassified,61.27,13.88,3.65,1.72,1.05,1.26
PI594068,"US, Nebraska",unclassified,65.02,12.35,2.75,0.84,1.02,1.35
PI594071,"US, Nebraska",unclassified,64.93,12.36,3.67,1.82,1.29,1.27
PI594072,"US, Nebraska",unclassified,63.1,13.75,2.31,1.57,0.88,1.28
PI594073,"US, Nebraska",unclassified,63.44,13.24,2.31,1.59,0.88,1.28
PI594074,"US, Nebraska",unclassified,64.77,12.91,2.7,1.1,1.06,1.33
PI594075,"US, Nebraska",unclassified,61.69,13.36,3.11,0.99,0.96,1.32
PI594077,"US, Nebraska",unclassified,63.17,14.01,2.27,0.94,1.03,1.34
PI594078,"US, Nebraska",unclassified,62.31,13.77,3.76,1.59,1.23,1.28
PI594079,"US, Nebraska",unclassified,62.19,14.74,3.59,1.96,1.28,1.25
PI594080,"US, Nebraska",unclassified,63.06,12.81,3.62,1.02,1.02,1.32
PI594081,"US, Nebraska",unclassified,59.91,15.82,2.79,1.27,1.12,1.31
PI594082,"US, Nebraska",unclassified,65.85,11.86,2.49,1.34,1.11,1.31
PI594083,"US, Nebraska",unclassified,65.07,10.72,3.96,1.42,1.11,1.29
PI594084,"US, Nebraska",unclassified,66.02,11.54,2.72,1.49,1.11,1.29
PI594085,"US, Nebraska",unclassified,64.9,11.85,2.6,1.24,1.01,1.31
PI594086,"US, Nebraska",unclassified,64.96,12.38,2.82,1.4,1.1,1.3
PI594087,"US, Nebraska",unclassified,64.03,12.36,2.16,1.18,0.87,1.32
PI594088,"US, Nebraska",unclassified,64.74,12.35,1.66,1.04,0.86,1.33
PI594089,"US, Nebraska",unclassified,66.32,11.11,1.81,1,0.93,1.33
PI594090,"US, Nebraska",unclassified,64.36,11.56,2.54,1.05,0.91,1.32
PI594091,"US, Nebraska",unclassified,64.37,12.28,3.67,1.28,1.13,1.3
PI595366,"US, Nebraska",unclassified,65.57,11.31,4.26,2.45,1.37,1.21
PI595367,"US, Nebraska",unclassified,65.25,12.1,3.06,1.23,1.11,1.31
PI595616,"US, North Dakota",unclassified,63.18,12.92,2.59,0.91,1.03,1.34
PI596354,"US, Nebraska",unclassified,64.48,13.72,2.76,1.75,1.24,1.27
PI596355,"US, Nebraska",unclassified,65.88,10.42,4.08,1.53,1.12,1.28
PI596356,"US, Nebraska",unclassified,65.38,12.11,2.79,1.2,1.04,1.31
PI596357,"US, Nebraska",unclassified,62.16,15.11,3.17,1.67,1.21,1.27
PI596500,"US, Iowa",unclassified,63.89,11.89,3.45,1.63,1.17,1.28
PI596505,"US, Iowa",unclassified,65.51,8.51,5.73,2.49,1.26,1.19
PI596506,"US, Iowa",unclassified,61.59,12.47,2.79,1.04,1.03,1.33
PI596627,"US, Mississippi",unclassified,61.8,13.1,4.1,1.25,1.11,1.3
PI597578,"US, Nebraska",unclassified,64.1,12.13,2.76,1.29,0.88,1.3
PI600981,"US, Indiana",unclassified,64.69,12.29,2.03,1.01,1.08,1.34
PI601003,"US, Iowa",unclassified,64.38,11.96,2.71,1.11,1.08,1.33
PI601007,"US, Iowa",unclassified,66.03,10.7,2.19,0.9,0.95,1.34
PI601080,"US, Nebraska",unclassified,62.29,12.21,4.46,1.63,1.35,1.28
PI601159,"US, Michigan",unclassified,64.67,12.84,1.73,0.87,1.02,1.35
PI601171,"US, Iowa",unclassified,66.93,10.32,3.15,1.41,1.14,1.3
PI601172,"US, Missouri",unclassified,63.2,10.72,3.53,1.18,1.14,1.32
PI601211,"US, Iowa",unclassified,60.99,12.22,3.72,2.04,0.98,1.23
PI601230,"US, Iowa",unclassified,65.24,10.7,1.9,1.4,0.95,1.3
PI601321,"US, Iowa",unclassified,62.38,11.77,3.62,1.08,0.92,1.31
PI601374,"US, Minnesota",unclassified,65.37,11.22,2.75,1.44,1.12,1.3
PI601375,"Canada, Ontario",unclassified,65.25,10.45,2.34,1.83,0.88,1.26
PI601376,"US, Minnesota",unclassified,61.25,13.71,3.61,1.11,1.19,1.32
PI601377,"US, Minnesota",unclassified,65.22,10.88,3.32,2.1,1.33,1.25
PI601404,"US, Iowa",unclassified,58.91,13.18,4.98,1.32,1.13,1.29
PI601416,"US, Iowa",unclassified,64.66,12.51,2.3,0.9,1,1.34
PI601430,"US, Minnesota",unclassified,62.75,11.2,2.48,1.55,1,1.28
PI601458,"US, Minnesota",unclassified,62.64,11.82,2.6,1.64,1.09,1.28
PI601467,"US, Iowa",unclassified,63.49,12.29,2.24,1.2,1.1,1.33
PI601469,"US, Iowa",unclassified,64.33,10.72,3.27,1.87,1.17,1.26
PI601489,"US, Minnesota",unclassified,62.62,11.88,3.54,1.73,1.19,1.27
PI601490,"US, Minnesota",unclassified,61.37,12.45,3.4,0.97,1.1,1.33
PI601491,"US, Minnesota",unclassified,65.16,9.68,4.24,1.95,1.21,1.25
PI601492,"US, Minnesota",unclassified,65,10.55,3.22,1.94,1.21,1.26
PI601502,"US, Minnesota",unclassified,62.94,11.79,3.33,1.63,1.14,1.28
PI601558,"US, Colorado",unclassified,63.97,11.22,2.56,1.33,1.07,1.31
PI601559,"US, Colorado",unclassified,65.14,9.71,3.21,1.08,1.13,1.32
PI601569,"US, Iowa",unclassified,64.03,10.21,3.49,1.26,1.09,1.31
PI601571,"US, Illinois",unclassified,60.94,13.31,4.53,0.91,1.13,1.33
PI601584,"US, Illinois",unclassified,63.76,11.44,2.63,1.68,1.14,1.28
PI601611,"US, Minnesota",unclassified,60.74,12.25,4.71,1.6,1.18,1.27
PI601612,"US, Minnesota",unclassified,62.66,11.9,3,1.5,1.14,1.29
PI601658,"US, Minnesota",unclassified,61.81,13.28,3.06,1.37,1.12,1.3
PI601683,"US, Nebraska",unclassified,63.02,11.33,3.86,1.45,1.25,1.29
PI601684,"US, Iowa",unclassified,64.47,11.11,2.37,1.52,1.11,1.3
PI601724,"US, Minnesota",unclassified,66.28,9.71,2.9,0.95,1.21,1.35
PI601725,"US, Minnesota",unclassified,61.66,11.4,5.12,1.76,1.33,1.26
PI601729,"US, Minnesota",unclassified,66.1,10.17,2.71,1.43,1.1,1.3
PI601773,"US, Iowa",unclassified,62.86,11.06,2.84,1.02,1.17,1.32
PI601776,"US, Iowa",unclassified,60.13,13.34,2.74,1.85,1.08,1.26
PI601777,"US, Iowa",unclassified,65.2,10.9,3.56,1.47,1.1,1.3
PI601779,"US, Georgia",unclassified,65.79,10.64,3.49,1.36,1.14,1.31
PI601781,"US, Iowa",unclassified,62.86,13.01,2.9,1.36,1.19,1.3
PI601785,"US, Tennessee",unclassified,67.02,10.8,3.26,1.51,1.09,1.29
PI601787,"US, Iowa",unclassified,68.16,9.43,2.23,1.07,1.11,1.34
PI604605,"US, Nebraska",unclassified,62.71,13.05,3.87,1.59,1.09,1.28
PI604606,"US, Nebraska",unclassified,62.13,12.48,5.1,1.28,1.13,1.29
PI606768,"US, South Dakota",unclassified,64.89,10.23,3.2,1.4,1.14,1.3
PI607521,"US, Minnesota",unclassified,62.76,11.75,4.01,1.45,1.24,1.3
PI607527,"US, North Dakota",unclassified,62.61,13.59,3.6,0.84,1.18,1.34
PI610493,"US, New York",unclassified,67.08,9.78,3.61,1.24,1.06,1.3
PI619430,"US, Texas",unclassified,60.51,12.38,6.76,0.76,1.3,1.32
PI619431,"US, Texas",unclassified,59.77,11.57,5.98,1.85,1.53,1.22
PI633727,"US, Texas",unclassified,61.88,14.88,3.02,0.83,1.1,1.34
PI633728,"US, Texas",unclassified,65.54,9.7,4.51,2.27,1.1,1.21
PI633924,"US, Tennessee",unclassified,66.51,10.14,2.84,1.41,1.01,1.31
PI634206,"US, Missouri",unclassified,63.22,13.38,3.72,0.62,1.09,1.35
PI634207,"US, Missouri",unclassified,59.7,13.03,3.96,1.39,0.82,1.28
PI638550,"US, Nebraska",unclassified,66.7,10.04,3.74,1.53,1.15,1.29
PI641225,"US, Hawaii",unclassified,57.21,14.95,4.41,1.44,1.02,1.28
